{
	"info": {
		"_postman_id": "7c68615f-fabf-4f81-9b4d-e6d9c332e6a9",
		"name": "Crud_opeartion_mayank",
		"schema": "https://schema.getpostman.com/json/collection/v2.0.0/collection.json"
	},
	"item": [
		{
			"name": "localhost:8080/crud/create",
			"request": {
				"method": "POST",
				"header": [],
				"body": {
					"mode": "formdata",
					"formdata": [
						{
							"key": "name",
							"value": "akash",
							"type": "default"
						},
						{
							"key": "email",
							"value": "akash@gmail.com",
							"type": "default"
						},
						{
							"key": "mobile",
							"value": "1234567890",
							"type": "default"
						},
						{
							"key": "address",
							"value": "Pune",
							"type": "default"
						}
					]
				},
				"url": "localhost:8080/crud/create"
			},
			"response": []
		},
		{
			"name": "localhost:8080/crud/read",
			"request": {
				"method": "GET",
				"header": [],
				"url": "localhost:8080/crud/read"
			},
			"response": []
		},
		{
			"name": "localhost:8080/crud/update",
			"request": {
				"method": "POST",
				"header": [],
				"body": {
					"mode": "formdata",
					"formdata": [
						{
							"key": "id",
							"value": "2",
							"type": "text"
						},
						{
							"key": "name",
							"value": "akash singh",
							"type": "text"
						},
						{
							"key": "email",
							"value": "akash101@gmail.com",
							"type": "text"
						},
						{
							"key": "mobile",
							"value": "0000000",
							"type": "text"
						},
						{
							"key": "address",
							"value": "Noida",
							"type": "text"
						}
					]
				},
				"url": "localhost:8080/crud/update"
			},
			"response": []
		},
		{
			"name": "localhost:8080/crud/delete",
			"request": {
				"method": "POST",
				"header": [],
				"body": {
					"mode": "formdata",
					"formdata": [
						{
							"key": "id",
							"value": "2",
							"type": "default"
						}
					]
				},
				"url": "localhost:8080/crud/delete"
			},
			"response": []
		}
	]
}